{"cameraMode":{"drawMode":0,"name":"Shaded","section":"Shading Mode"},"sceneLighting":false,"audioPlay":false,"sceneViewState":{"m_AlwaysRefresh":false,"showFog":true,"showSkybox":false,"showFlares":true,"showImageEffects":true,"showParticleSystems":true,"showVisualEffectGraphs":true,"m_FxEnabled":true},"in2DMode":false,"pivot":{"x":3.957505226135254,"y":0.7182577848434448,"z":1.0700896978378297},"rotation":{"x":-0.09017138928174973,"y":0.018522091209888459,"z":-0.0016776937991380692,"w":-0.9957554936408997},"size":0.39478445053100588,"orthographic":false}